text,label,roberta,roberta_score,input_length,gpt2,gpt2_score
@user @user what do these '1/2 naked pics' have to do with anything? They're not even like that.,neutral,negative,0.8047260642051697,96,positive,0.9134505987167358
OH: ‚ÄúI had a blue penis while I was this‚Äù [playing with Google Earth VR],neutral,neutral,0.8669487237930298,72,neutral,0.7534046173095703
"@user @user That's coming, but I think the victims are going to be Medicaid recipients.",neutral,neutral,0.7637239098548889,87,positive,0.9999619722366333
I think I may be finally in with the in crowd #mannequinchallenge  #grads2014 @user,positive,positive,0.7740470767021179,83,positive,0.8987836837768555
"@user Wow,first Hugo Chavez and now Fidel Castro. Danny Glover, Michael Moore, Oliver Stone, and Sean Penn are running out of heroes.",negative,neutral,0.41639748215675354,133,positive,0.9864314198493958
Savchenko now Saakashvili took drug test live on Ukraine TV. To prove they are not drug-fueled loonies?,neutral,neutral,0.4963688552379608,103,negative,0.9999295473098755
How many more days until opening day? üò©,neutral,neutral,0.4665711522102356,39,negative,0.999988317489624
Twitter's #ThankYouObama Shows Heartfelt Gratitude To POTUS,positive,positive,0.947964072227478,59,positive,0.9995934367179871
All CSG and Fracking all around Australia is to cease and Mining Entities held Accountable! - Sign the Petition!,neutral,negative,0.5159922242164612,112,positive,0.9999923706054688
@user @user @user @user @user @user take away illegals and dead people and Trump wins popular vote too.,negative,neutral,0.6462966799736023,103,positive,0.7922831177711487
An interesting security vulnerability - albeit not for the everyday car thief,neutral,neutral,0.5802545547485352,77,positive,0.999924898147583
#GilmoreGirlsTop4 1. Spoke2. Paris3. Emily4. PattyInvisible number 5. Richard,neutral,neutral,0.7971653938293457,77,neutral,0.99989914894104
#onedirection #harrystyles cute little dance üòâ,positive,positive,0.9007453322410583,46,positive,0.996944010257721
"When Ryan privatizes SS, Medicare, Medicaid, & does away with ACA, what will Trump's base feel about ""change"" then? That's a big one right?!",negative,negative,0.5906877517700195,140,neutral,0.9999973773956299
Swampbitch Nasty Pelosi  loves yelling 'Fire' in the crowded swamp. #blackfriday @user,negative,negative,0.8432438373565674,86,positive,0.7428634166717529
@user ohhh ok i see ü§î what if u have medical marijuana clearance? Does that make a difference,neutral,neutral,0.9275136590003967,93,positive,0.999990701675415
OPINION: The Anti-#Trump #Riots Are a #SmokeScreen:,neutral,negative,0.5895980596542358,51,neutral,0.9999568462371826
ISIS and The CIA What You Need To Know! #ISIS #falseflag #saudi #CIA #mossad #israel,neutral,negative,0.826901912689209,84,neutral,0.9999884366989136
@user alt-right was adopted by Deplorables. Average middle Americans.  I've now moved to Libertarian. @user,neutral,neutral,0.5151349902153015,107,positive,0.9999330043792725
"@user #GilmoreGirlsTop4 Lorelai, Rory, Lane, Sookie @user @user",neutral,neutral,0.8869539499282837,63,positive,0.9999730587005615
"Christians In Palestine: Yes, They Exist #gaza #palestine #israel #BDS",neutral,neutral,0.7468939423561096,70,neutral,0.5386790037155151
"@user Going to see #FantasticBeasts this afternoon. Mom is a Potter fanatic. My niece was, but she's kinda growing out of it.",positive,positive,0.7539661526679993,125,positive,0.9997261166572571
Listen to win passes to see #FantasticBeasts after 2pm w/ @user,neutral,positive,0.5687165856361389,63,positive,0.971679151058197
The United Nations Headquarters in New York #unitednations #newyork #usaüá∫üá∏ #USA #newyorkcity‚Ä¶,neutral,neutral,0.7923486828804016,93,positive,0.9991305470466614
Zac Efron Flaunts Fit Abs in New ‚ÄòDirty Grandpa‚Äô... #ZacEfron,neutral,neutral,0.6070791482925415,61,neutral,0.9988111257553101
1am and I'm still watching #ThisIsUs,neutral,positive,0.5023007988929749,36,neutral,0.9985775947570801
The left has really gone Full retard haven't they?,negative,negative,0.869616687297821,50,negative,0.9997326731681824
"#Israel fire updates: Major blaze breaks out near #Jerusalem, firebombing suspected...",neutral,negative,0.7278672456741333,86,neutral,0.9999552965164185
"RT @user Can I politely suggest that we all stop using the term ""alt-right"" and use other, more precise words.",neutral,neutral,0.5126897096633911,110,positive,0.9999932050704956
Day 5 Advent Gift Countdown - 'Gold Standard'  #20moresleeps #christmasgifts #luxuryhampers‚Ä¶,neutral,neutral,0.690889298915863,92,positive,0.7836624383926392
When Jesse Jackson Cozied Up to Fidel Castro,neutral,neutral,0.9294458031654358,44,negative,0.9992027878761292
Ben Carson awoke this morning to find out that the big yellow thing in the sky is the sun,neutral,neutral,0.8369396924972534,89,neutral,0.9939093589782715
Bike parking still free.,neutral,neutral,0.5593971014022827,24,neutral,0.9999154806137085
Can't wait to try this - Google Earth VR - this stuff really is the future of exploration....,positive,positive,0.9876003265380859,93,neutral,0.9542790651321411
@user @user Trump is likely supporting Putin talking on unsecured phone lines bc Trump's tied to Russia #DworkinReport,neutral,neutral,0.6587746739387512,118,positive,0.9999728202819824
"The fact that mike pence thinks there's a ""cure"" for being gay is absolutely the most ridiculous statement I have ever heard in my life",negative,negative,0.9260377883911133,135,positive,0.9823854565620422
@user @user @user .....Good Old Graham Westley!!,positive,positive,0.7194947600364685,48,positive,0.9999978542327881
Photos: A Thanksgiving protest against Dakota Access pipeline - The Boston Globe,neutral,neutral,0.8400619029998779,80,negative,0.9927507638931274
@user @user @user @user Clinton foundation reminds me of Maharashtra CM Antuley's foundation in 80s for taking bribe.,negative,neutral,0.6628703474998474,117,positive,0.9999973773956299
Survey shows Poroshenko has lost considerable electoral support in two years,neutral,negative,0.7186956405639648,76,negative,0.9999997615814209
When Trump jeopardizes their social security and Medicare payments imma laugh.,negative,negative,0.7910739779472351,78,negative,0.804509699344635
At Any Price review ‚Äì generations clash in the American midwest #ZacEfron,neutral,neutral,0.7795423269271851,73,neutral,0.9999076128005981
Next?#draintheswamp #TimeForChange#TrumpTransitionTeam,neutral,neutral,0.5630685091018677,54,negative,0.9966784715652466
Wow - the world as we know it is slowly turning upside down: Microsoft joins the Linux Foundation. Good news I supp‚Ä¶,positive,positive,0.7764224410057068,116,negative,0.7825058698654175
"So that Westworld show, it isn't too bad. I guess. If you like that sort of thing.",neutral,positive,0.8230052590370178,82,negative,0.9995998740196228
Grayson Allen just gave dude such a sick move,negative,positive,0.7325229644775391,45,positive,0.9984758496284485
"Download UBER app, Register with this promo code NGSBA105 and get a free ride worth #2500. #Uber #UberNigeria",neutral,positive,0.7005258798599243,109,positive,0.8750783801078796
I love Manchester. Everyone knows that - I have said it many ti... #CristianoRonaldo #citations,positive,positive,0.9631969928741455,95,positive,0.9999979734420776
RT @user It‚Äôs not ‚Äúalt-right.‚Äù It‚Äôs Neo-Nazi.https://t.co/4fPkSVlSDl,negative,negative,0.737839937210083,68,positive,0.9999219179153442
@user In august2008.puppet Saakashvili attacked South Ossetia and Russian peacekeepers.South Ossetia will  be i‚Ä¶,negative,negative,0.8171347975730896,112,positive,0.9999997615814209
Tips for winter driving.#london #cab #taxi #uber #yellowlondontaxi,neutral,neutral,0.8237316608428955,66,neutral,0.5343728065490723
"@user Yes, white supremacists are America's greatest problem ever.  OMG.  GET REAL.  #GOAWAY",negative,negative,0.9275962114334106,92,positive,0.9999932050704956
#Hatchimals are shite,negative,negative,0.9088230133056641,21,negative,0.9999980926513672
@user @user @user @user @user @user I'm getting tired of these people and their gun control,negative,negative,0.941993772983551,91,positive,0.9996248483657837
#Trump MEMORABILIA#BlackFriday - UP TO 40% OFFUse Code: BLACKFRISAVE#DrainTheSwamp #Deplorables‚Ä¶,neutral,neutral,0.48536184430122375,96,neutral,0.9999932050704956
It's more difficult to move to Mexico as the Clintons built a bloody great fence all along the Border‚Ä¶,negative,negative,0.8852794766426086,102,positive,0.9999995231628418
"@user it's weird 'cause I usually like music in his vein, but it's every so shy of being memorable like a Bob Dylan/Lou Reed thing(?)",negative,neutral,0.6288521885871887,133,positive,0.9982032775878906
#Putin has had it with #Obama and has decided to throw #America out of #Syria negotiationshttps://t.co/z4CBIDDU11,neutral,negative,0.5895330309867859,113,neutral,0.9999969005584717
"@user we all know on JANUARY 20th trump gonna push oil, fossil fuels, fracking down our throats. Fml... We must fight back. GOP sucks",negative,negative,0.9402272701263428,133,positive,0.9997487664222717
"With James Comey in office, how could the US investigate the Russians? @user @user @user  @user",negative,neutral,0.6425028443336487,95,positive,0.999950647354126
"If you're looking for work in #Palestine, TX, check out this #job: #Retail #Hiring #CareerArc",neutral,neutral,0.8689861297607422,93,neutral,0.996274471282959
Didn't take long for the Clinton Foindation money train to derail. Zero Hedge,negative,negative,0.6751220226287842,77,neutral,0.9991235136985779
HOO BOY THAT WESTWORLD FINALE,positive,positive,0.7538723349571228,29,negative,0.9934899806976318
idk where to start after my intro. im writing from a pro-raising-minimum-wage pov but I'm stuck ‚òπÔ∏è,neutral,negative,0.8479450941085815,98,neutral,0.9449754953384399
This isn't the 1st time @user & the #Hamas supporting #IntifadaBrigade mock disasters/terror attacks while p‚Ä¶,neutral,negative,0.7391725778579712,109,positive,0.9999949932098389
Tim Duncan and Gregg Popovich. Two legends.,positive,positive,0.845291793346405,43,neutral,0.9990975856781006
#Platz / #Place: 4   Vente Pa' Ca (feat. Maluma) - Ricky Martin     #top100 #musik #music #charts #Spain #Spanien,neutral,neutral,0.8543660640716553,113,positive,0.9820547103881836
Come on Electoral College. Please do your job. Majority of Americans do not want @user This is NOT the f‚Ä¶,neutral,negative,0.8892827033996582,105,negative,0.9733205437660217
@user That looks like Trump's transition team.,neutral,neutral,0.6762527227401733,46,positive,0.9999605417251587
shoutout to the moms of -Zac Efron-Ryan Gosling-Franco Brothers-Hemsworth brothers-Channing Tatumfor making these beautiful men,positive,positive,0.9350605010986328,127,positive,0.999987006187439
@user @user @user only wants adulation and sycophants. Like Kim Fatty the Third. Paranoia and bugs rooms.,negative,negative,0.8469410538673401,105,positive,0.9999903440475464
@user @user involuntary euthanasia is a better system,neutral,negative,0.5062392354011536,53,positive,0.999994158744812
@user ain't that how y'all got Tim Duncan? ü§î,neutral,neutral,0.9222264885902405,44,positive,0.9973359704017639
@user @user @user You're also young :P,positive,positive,0.6332813501358032,38,positive,0.9999823570251465
@user @user @user @user Let robots be #Robots!,neutral,neutral,0.7133171558380127,46,positive,0.9999854564666748
@user @user @user @user Poorer states than Alabama have it because they accepted Medicaid expansion,neutral,neutral,0.7962915301322937,99,positive,0.9999998807907104
2016 Prime Cuts JUSTIN VERLANDER Timeline Game Used 2 Color Button Patch 1/1,neutral,neutral,0.908934473991394,76,positive,0.8209943175315857
CNN weeps for their erstwhile hero Fidel Castro.,negative,negative,0.7994250059127808,48,neutral,0.9991027116775513
@user The Jew boy has spoken. @user @user @user @user @user,neutral,neutral,0.8831183910369873,59,positive,0.9999382495880127
The latest Smart LifeStyle Food! Thanks to @user #weightloss #nationalfastfoodday,positive,positive,0.9446074366569519,81,positive,0.9999982118606567
I find myself humming the notes of #ThisIsUs  @user sang a few episodes ago.  Missing her angelic voice.  Love the show.,positive,positive,0.9619680643081665,120,positive,1.0
#NoDAPL #CorporateGreed #corporations are #evil especially the media #corporations #tpp #TrumpTrain #bravo #cnn #foxnews #soulless #wrong üò£,negative,negative,0.9302959442138672,139,positive,0.6510536074638367
"@user it's free with insurance because of Obamacare, which trump wants to repeal üôÉ",negative,negative,0.5585412383079529,82,positive,0.9999958276748657
Buy VAMAA 3D Printing Pen 1.75mm ABS Filament 10m (0.25*40 Strands) (Snow White) at Rs. 299.00,neutral,neutral,0.8953137397766113,94,neutral,0.9999891519546509
The #Obama admin. has carried out a deliberately deceptive campaign accusing Iran of sending arms to #Houthis#yemenhttps://t.co/KYu02C73ww,neutral,negative,0.7152671813964844,138,neutral,0.9999126195907593
#Yanukovych seems much more willing to take questions from the media than @user often is! #UkrAine,neutral,positive,0.5450576543807983,98,positive,0.9999969005584717
"Madison Bartley with nice debut tonight: made her only shot and finished with 5 boards, 3 blocks, and 2 steals in Fairmont's win over Tipp.",positive,positive,0.8199953436851501,139,positive,0.9999959468841553
@user @user @user @user ‚òû ISIS Films Men Laughing While Woman Is Raped in Background,negative,negative,0.550408124923706,84,positive,0.999993085861206
"¬°Gobble gobble, idiot hookers! #Thanksgiving #ScreamQueens",negative,negative,0.8929146528244019,58,negative,0.8658074736595154
Pelosi Challenger Brings ‚ÄòIndustrial Midwest‚Äô Perspective,neutral,neutral,0.8894288539886475,57,neutral,0.9995905756950378
#TPP is N.W.O.; 1%er's Corporatocracy;ÔΩûGlobal Governance by Corporate Jews.„Äêhttps://t.co/WZGQvZfJgo„ÄÄhttps://t.co/vRaKoOEr73„Äë#ows #tcot #p2,neutral,negative,0.6061875224113464,138,neutral,0.9971725940704346
@user I hear you. Not worth it. Its like arguing with the devil. That's why I'm on gab.ai. All us deplorables over there. Come join,negative,negative,0.8972031474113464,131,positive,0.9972931742668152
Power of 50+ years of unrelenting CIA propaganda for sure. Lest we also forget 50+ years illegal USA trade embargo‚Ä¶,neutral,negative,0.8037253618240356,115,neutral,0.8637858629226685
"Okay, @user I think I've got my #GilmoreGirlsTop4: Max, Jess, Luke, Sookie",neutral,neutral,0.5987563729286194,74,positive,0.9890379905700684
How To Get Medical Marijuana Dispensary Card¬†Ontario,neutral,neutral,0.9305432438850403,52,neutral,0.9999662637710571
"@user Your progressive POS rag is as irrelevant as Michael Moore, one of your early editors.",negative,negative,0.9423037767410278,92,positive,0.9991934895515442
‚ÄúIt‚Äôs such a futuristic idea. A world in which the descendants of slaves become poets.‚Äù ~ Terrance Hayes #NBAwards,neutral,neutral,0.5821343064308167,114,neutral,0.9999858140945435
"are you gonna say ""suck it bitch"" to the people he mass deported? the people who've been terrorized by drone strike‚Ä¶",negative,negative,0.9411778450012207,116,negative,0.9986353516578674
"@user Why is no one screaming for gun control? Shouldn't that be the story MSM obsesses over? But no, they MUST discredit #PizzaGate",negative,negative,0.8237280249595642,132,negative,0.9999117851257324
@user Wow...this is one deadly statement! Reminding me of the Greta Muhammad Ali.,positive,negative,0.9308304786682129,81,positive,0.9994693398475647
#pmp course prep with @user in #tripoli #libya; 25% discount; only 5 seats left!,positive,positive,0.5323866009712219,80,positive,0.9999467134475708
i bought it for kh3 and persona 5 and ffxiv (tho i havent touched that in months,positive,neutral,0.7599878311157227,80,neutral,0.9764677882194519
Drop 75% Price: ¬£7.88. Paperback: The Gay & Lesbian Marriage & Family Reader: Analyses of Problems and Prospe...,negative,neutral,0.8848009705543518,112,neutral,0.9961501359939575
@user @user @user @user You mean like Nancy Pelosi making millions on insider trading from her House sources?,neutral,neutral,0.6627072691917419,109,positive,0.9999825954437256
Can someone tell me where I can get a good red eyeshadow from?? (Not animal testing brands pls x),neutral,neutral,0.6381387114524841,97,positive,0.9999934434890747
Michael Hicks picks off Bishop Moore pass; after illegal-block penalty @user ball at its 33 7:50 2Q @user @user,neutral,neutral,0.9546419978141785,111,positive,0.9944274425506592
See @user and @user on TV talking about #Homeopathy #ten23,neutral,neutral,0.8244907259941101,58,positive,0.9999796152114868
"@user @user @user hi love the tweet, got stuff on social security tweet",positive,positive,0.9736595749855042,71,positive,0.9999991655349731
"@user Man who funded anti-Trump riots, Hillary, @user funded radicals to overthrow police, Ukraine go‚Ä¶",negative,negative,0.8235639333724976,102,positive,0.9999951124191284
"@user Stay right here, buddy. There are lots of nasty women and bad hombres that are staying too.",neutral,negative,0.8697142601013184,97,positive,0.8587692379951477
These Formula racing champs use 3D printing as a key part of their racing strategy. It's the perfect tool with only‚Ä¶,positive,positive,0.9153322577476501,116,neutral,0.8873187899589539
"#Russia-n and Chinese Defense Ministers discuss the latest development in #Libya, on the margin of a joint military‚Ä¶",neutral,neutral,0.9320834875106812,116,positive,0.9999537467956543
"Suarez on twitter: ""YNWA #StevenGerrard"" [@LuisSuarez9] #FCBlive",positive,neutral,0.7687668204307556,64,neutral,0.997920572757721
More happy tails!Gino and Rex have been adopted!Gino narrowly escaped euthanasia by heartstick. He is now the...,positive,positive,0.9624837636947632,112,positive,0.9998716115951538
"Electoral college hasn't even decided to vote for him, and he can't stop himself from fucking up. @user c‚Ä¶",negative,negative,0.9148086905479431,106,positive,0.9028878211975098
"Its to be expected from ""electing"" a Fascist Nazi",negative,negative,0.8353473544120789,49,negative,0.7666770815849304
"@user sadly, Putin has won big time over the past 10-15 years. His biggest triumph being the election of his proxy @user",positive,neutral,0.4259009063243866,120,positive,0.9999334812164307
US Airstrikes Hit 34 Daesh Fighting Positions Near Libya's Sirtehttps://t.co/E2aJFRljJx#Libya #News,neutral,neutral,0.6395756006240845,99,neutral,0.9685289859771729
watching Michael Moore in TrumpLand on @user,neutral,neutral,0.89533531665802,44,positive,0.9999402761459351
@user you were elected with promise to keep #Medicaid #Medicare Paul Ryan was not elected #POTUS PLEASE do not kill w his plan,negative,negative,0.6292964816093445,126,positive,0.9997320771217346
After finally watching the whole of #FantasticBeasts I can officially say that it is a bloody awesome film‚ú®,positive,positive,0.9892328977584839,107,positive,0.9990460276603699
Creepy name dropping won't hide your fake followers @user #Thanksgiving!@RadioFreeTom @user,negative,negative,0.872545063495636,91,negative,0.998376727104187
No mention of miasms. #homeopathy,neutral,neutral,0.7421480417251587,33,neutral,0.9996631145477295
"*** COURTESY POST - URGENT - RESCUE ONLY ***In danger of euthanasia, rescue needed NOW. Spalding County is in...",negative,neutral,0.633812427520752,112,negative,0.9471185207366943
@user @user oh my godddd!@@@,positive,negative,0.5602296590805054,28,positive,0.9999982118606567
"@user @user I hope this isn't another attempt to get a 300 hitter from the National League who now hits 220 Tai wins Cy young, ew",negative,negative,0.7566946744918823,129,positive,0.9999996423721313
Omg I love Jill Scott why am I just now watching #ThankYouObama üò≠,positive,positive,0.9781365990638733,65,positive,0.9999995231628418
"@user I'm still hype af for Berseria, Persona 5 and FFXV!",positive,positive,0.9793263673782349,57,positive,0.999996542930603
Niggas be broke that's the reason they hate flipping them burgers for minimum wage üòÖ,negative,negative,0.7847338318824768,84,negative,0.9999561309814453
"If their great-grandfathers who fought in WWII could see alt-rightists applauding ""Hail Trump,"" they'd give them such an ass-kicking...",negative,negative,0.7216489315032959,135,positive,0.9763107895851135
@user @user @user Well I will not stop complaining as your vote went towards a misogynist and a p*ssy grabber #StillWithHer,negative,negative,0.9076566100120544,123,positive,0.9999879598617554
"Fascinating interview with former Georgia President Mikheil Saakashvili - very candid about Putin, Trump & NATO",positive,positive,0.7806006073951721,111,neutral,0.8463719487190247
@user There isn't even a proper correlation because almost all of the decline in deaths&complications occurred BEFORE the vaccines,negative,negative,0.7643298506736755,130,positive,0.9708877205848694
"@user in a post-truth world of propaganda and organized voter suppression, can you make progress without using the same tools)",neutral,negative,0.5112414360046387,126,positive,0.9999089241027832
@user  death penalty for this dumb fawk,negative,negative,0.9399596452713013,39,positive,0.9998929500579834
"Poorly implemented app can be exploited to locate, unlock and steal a Tesla Model S",negative,negative,0.8596786856651306,83,neutral,0.9812894463539124
@user deadline for WI is today and hoping your people are on it and NOT this lying Putin loving scammer,neutral,negative,0.7033881545066833,103,negative,0.9709867835044861
@user @user @user @user @user Past Time to take care for our planet.,neutral,neutral,0.7633137106895447,68,positive,0.9999972581863403
"She doesn't care though, she says next year she's eligible for Medicaid.",neutral,neutral,0.6927275061607361,72,negative,0.9847800731658936
@user same (praise Kim Jong-un),positive,positive,0.7698298692703247,31,positive,0.9999988079071045
Don't forget to buy crap! Also who's got my #Hatchimals hookup,negative,negative,0.7807518839836121,62,negative,0.6201522350311279
What is Homeopathy | National Center for Homeopathy,neutral,neutral,0.9074367880821228,51,neutral,0.9997158646583557
no building or street or school will named after Fidel Castro in Cuba. That is Fidel's wish.@_cosatu @user @user @user #fidelcastro.,neutral,negative,0.586754322052002,132,neutral,0.7662616968154907
@user Stop Time Tonight,neutral,neutral,0.9263245463371277,23,positive,0.9999996423721313
4. One last time - #ArianaGrandehttps://t.co/0o4T0q3GsY,positive,neutral,0.7544316649436951,55,positive,0.9829187393188477
BOOM: Mass immigration has turned some UK towns into ghettos: Bombshell Report,negative,negative,0.8392994999885559,78,negative,0.9922071099281311
Dady is slaying the game of abs.AM√àM LIAM PAYNE #MtvStarsNiallHoran #MPN #OneDirection,neutral,positive,0.815331220626831,86,positive,0.9590948224067688
"@user Federal offices as POTUS ""NEED FEDERAL REGULATIONS, NOT STATE LAWS""~This needs to change to federal rules!",neutral,negative,0.574496865272522,112,positive,0.9995362758636475
More creepy Elton John info. #pizzagate #pedofiles #pedophiles #coverup,negative,negative,0.8396601676940918,71,neutral,0.9991518259048462
Why tf are tanks at a black lives matter protest but they nowhere to be found when the kkk is celebrating trump's v‚Ä¶,negative,negative,0.8271421790122986,116,negative,0.9952723383903503
@user I wish to be there lovely bro SamiüíêWishing you a successful wonderful and concert in Dubai lots of love‚Ä¶,positive,positive,0.9870431423187256,110,positive,0.9999997615814209
"@user Hi. I can't find the old episodes of #TheWalkingDead  on Virgin on Demand anymore: have they gone, or am I looking wrong? üòä ‚ù§üì∫",negative,neutral,0.7211703658103943,132,positive,0.9999833106994629
Commander of 5th infantry division visit #IraqiArmy and PMF wounded in #Baquba hospital#ÿßŸÖ_ÿßŸÑÿ±ÿ®ŸäÿπŸäŸÜ_ÿ™ÿ¨ŸÖÿπŸÜÿß#mosul‚Ä¶,neutral,neutral,0.7229012846946716,113,neutral,0.5543212294578552
.@PeterMonPhotog on #Periscope: Black lives matter protest continues,neutral,neutral,0.797024667263031,68,neutral,0.890795886516571
troubling application of deep learning,neutral,neutral,0.5317122936248779,38,neutral,0.9998527765274048
"@user @user oh, and Hillary most likely didn't win the popular vote, considering how many illegal votes were casted",negative,negative,0.7893977761268616,115,positive,0.9999995231628418
Free use-case based #DeepLearning course with #TensorFlow at @user #BigData‚Ä¶,neutral,positive,0.5587389469146729,76,positive,0.9986427426338196
As does the $$ the Secret Service must pay to fly on Trump planes to protect Melania & the kids.,neutral,neutral,0.5445947051048279,96,negative,0.999171257019043
"Honored to represent @user 2 discuss Robots, Materials, Energy & Agriculture at XI Innovation Congress #sswcee",positive,positive,0.9491686224937439,110,positive,0.9991129040718079
"Medical marijuana is legal in majority of America, yet veterans get no guidance thanks to VA policy‚Ä¶",negative,neutral,0.48971983790397644,100,negative,0.9999977350234985
".@CCFA Of all things, homeopathy? Patients need to know this is a scam with no basis in science (or reality).",negative,negative,0.9255809783935547,109,negative,0.9726588726043701
"SORRY, HARRY...I'M LEAVING YOU FOR YOUR TWIN: MARCEL #JK #Onedirection #HarryStyles",neutral,neutral,0.743890643119812,83,positive,0.9999676942825317
A Bronx Tale of Deplorables. .#PenceMusical,neutral,neutral,0.7906448841094971,43,neutral,0.9999920129776001
@user @user @user America was saved. Wake the hell up. You want 2M refugees? Global gov?TPP?Learn the facts goto college,negative,negative,0.825382649898529,120,positive,0.9999997615814209
Soz but u can't protest against animal testing if you eat meat & dairy. Laboratories are like a vacation compared to meat & dairy farms.,neutral,negative,0.6276711821556091,136,positive,0.8596556782722473
@user HBO hun...the show is really good. Get read to have Melania Trump facial expression for like three episodes thoughüòÇ,positive,positive,0.9107224345207214,121,positive,0.9999979734420776
Thousands flee Raqqa as Turkish-Kurdish tensions threaten anti-IS campaign #ISIS,neutral,negative,0.7862014174461365,80,positive,0.9999443292617798
Dylan Not Dark Yetthis'll keep oneself loving life,positive,positive,0.8317344188690186,50,positive,0.9588545560836792
Worthy Read~,neutral,positive,0.947393536567688,12,neutral,0.9961309432983398
"""who's the most wiped out white boy? Zac Efron! Zac Efron!""",neutral,neutral,0.5612324476242065,59,positive,0.9065378308296204
Fan opinion: right now I would absolutely take Justin Verlander as a Red Sox. Hands down. #RedSox,positive,positive,0.7887262105941772,97,neutral,0.999995231628418
Bannon bringing Reagan back! #magahttps://t.co/FgL5uiKtJK via @user,neutral,neutral,0.6252504587173462,67,neutral,0.9834426045417786
Anti-Trump Protests And Riots Backfire!! Students Starting To Realize Th... via @user,neutral,negative,0.7278933525085449,85,positive,0.9997193217277527
"RT @user When they're literally doing a Nazi salute you don't have to fudge and call them ""alt right""",neutral,negative,0.6950089931488037,101,positive,0.9998188614845276
Steve Bannon Should Stay out of White House: Attorneys,negative,neutral,0.6709489822387695,54,neutral,0.9996947050094604
#humanrights #UnitedNations Palestinian capable of overcoming aches to help humanitarian aids!,neutral,positive,0.6699641346931458,94,positive,0.7791790962219238
#today Somewhere quite high on a road between Bala and Vyrnwy,neutral,neutral,0.9113321900367737,61,positive,0.9999815225601196
"@user isn't he the ultra conservative anti- gay marriage, anti-abortion, anti- everything guy?",negative,negative,0.6049473881721497,94,positive,0.9999940395355225
"And in my defense, I said Marcelo out of reflex but clarified that Cristiano Ronaldo dos Santos Aveiro is actually the best.",positive,positive,0.7629368901252747,124,negative,0.9972943663597107
Ashley Graham Lands Her First 'Vogue' Cover and Goes Au Naturel,neutral,neutral,0.7915081977844238,63,neutral,0.9952293634414673
"So I see the takes this week are split between ""the popular vote should reign supreme"" and ""enlightened electors should override the voters""",neutral,neutral,0.6633529663085938,140,neutral,0.9744424819946289
I think we should give all #ISIS members a Bible this #Christmas,neutral,negative,0.5957412123680115,64,neutral,0.9977744221687317
This is of concern for all of us,neutral,neutral,0.702945351600647,32,neutral,0.9993670582771301
"Even after the 4th time watching #FantasticBeasts, I still teared up at the John Williams opening scores. Such a cry baby üò≠",positive,negative,0.5288591384887695,123,positive,0.4820009768009186
"@user Never will let - via the reluctance influx of robbed by Poroshenko Ukrainian, where millions of families live on $ 40 a month",negative,negative,0.80623459815979,131,positive,0.9999974966049194
Late Thanksgiving Day selfie #happyholidays #notsweaterweather‚Ä¶,positive,positive,0.9356621503829956,63,negative,0.988055408000946
"The ""rich white racists"" hurting ""brown people"" are the Liberals inciting riots & racial divide in America! #Putin'‚Ä¶",negative,negative,0.9066764116287231,116,negative,0.991084098815918
Banda Piper -  Ricky Martin (Livin' la vida loca) e Marron 5 (This love) via @user,neutral,neutral,0.8939383029937744,82,positive,0.9999351501464844
Tesla Factory overview    they're already producing Model 3 or S,neutral,neutral,0.8898293375968933,64,neutral,0.9998953342437744
I am so excited to see @user @user and @user on @user #GilmoreGirlsTop4 #FallonTonight,positive,positive,0.988621175289154,86,positive,0.9999994039535522
@user You and George Soros make a good team!,positive,positive,0.8371121287345886,44,positive,0.9999998807907104
Review: Google Earth VR - VR Today Magazine (apparently remarkable achievement!) @user #VR,positive,positive,0.9777039289474487,90,positive,0.9999988079071045
@user I followed Pope Francis' Latin twitter. I don't speak Latin.,neutral,neutral,0.8855487108230591,66,positive,0.9999985694885254
"@user But,her sis was big in election,familyRall writers&ACexpert on digi media,so logical cd increase # s",positive,neutral,0.6658414006233215,106,positive,0.9999762773513794
"Wait, Grayson Allen is still playing!? I know he looks like he's 12, but he's been there at least 6 years, right?",neutral,neutral,0.8259178996086121,113,neutral,0.6403495073318481
"Pelosi, always one to reward failure, is trying to burden House Dems with Ben Ray Lujan as DCCC chair again. She's now incapable of learning",negative,negative,0.9180924296379089,140,negative,0.716037929058075
"@user @user @user leftists have cried wolf a few too many times, while Trump supporters r getting assaulted actually.",negative,negative,0.8519748449325562,117,positive,0.9997277855873108
"So that's Obama Care, prosecuting Clinton & the Mexican border wall that he's now reneged on?! #lies #establishment‚Ä¶",negative,negative,0.8374610543251038,116,positive,0.7239522933959961
I want to see more robots fall in love with other robots,positive,neutral,0.4968145191669464,56,positive,0.9999971389770508
"There could be a thousand more Hairspray remakes, and I will still like the one with Zac Efron better.",positive,positive,0.8208129405975342,102,positive,0.9348878264427185
"A Battle to Change Medicare Is Brewing, Whether Trump Wants It or Nothttps://t.co/SYFgzYscjy#uniteblue #notmypresident",neutral,negative,0.559903621673584,118,positive,0.9525103569030762
"The same people (leftists) who fought for women and gays, wanna allow the risk of terrorist migration in this country that kills them.",negative,negative,0.8988037109375,134,negative,0.9998979568481445
#Solar-powered #water #supply #project #commissioned in #Yemen,neutral,neutral,0.887561559677124,62,positive,0.9997183680534363
Catching up on TWD #amc #TheWalkingDead,positive,neutral,0.8495028614997864,39,neutral,0.9967635869979858
Fossil fuels will still provide 80% of global #energy supply in 2035 said Dr. Eveloy @user at Network‚Äôs workshop‚Ä¶,neutral,neutral,0.8549164533615112,113,neutral,0.9998362064361572
FBI Is Doing their Job. COMEY Works for Putin.,neutral,neutral,0.575073778629303,46,negative,0.9999712705612183
DAPL doesn't effect a single cent of fossil fuels,neutral,negative,0.5472015738487244,49,negative,0.5804543495178223
@user @user @user Loyalty's V.important 2.Dems GOPe Press all working against him. Mitt foreign policy vision diff.,negative,neutral,0.7416691184043884,115,positive,0.9999717473983765
@user Marion Le Pen has also accepted stolen wine from Crimea and agreed to new winemaking partnership #Sanctions #CrimeaIsUkraine,negative,negative,0.5462695360183716,130,positive,0.9999885559082031
New on #Steemit: Cristiano Ronaldo all Luxury Cars,neutral,neutral,0.7280698418617249,50,neutral,0.9999715089797974
".@DrJillStein @user Answers? What are the Qs?Problem is voter suppression, not vote chicanery.Focus on the former, not the latter.",neutral,negative,0.7645395994186401,130,negative,0.9994940757751465
6. Vegetarianism is the best way to go,positive,positive,0.8458177447319031,38,positive,0.9970211386680603
@user they have some bad hombres working tonight?,neutral,negative,0.8407238721847534,49,positive,0.9519725441932678
"@user secures first major sales order worth around $65,000 #business #news #investment #ASX200 #Pharmaceutical",positive,positive,0.5895603895187378,110,positive,0.9999985694885254
"IFC signed agreement with Bank of #Palestine to scale up lending operations to smaller firms, especially women-owne‚Ä¶",positive,neutral,0.7773028016090393,116,positive,0.9999819993972778
mi mam√° didn't tell me there was codeine in the cough syrup she gave me so I spent all of Thanksgiving drugged wbu,neutral,negative,0.6837069988250732,114,negative,0.9996693134307861
Have a pesky relative that won't stop complaining about Trump? Check to see if they're registered to vote:https://t.co/ddJFVJrUZw,neutral,neutral,0.5955311059951782,129,neutral,0.9999638795852661
Happy belated #NationalFastFoodDay!I want our #McDonalds with #McDelivery & #ShrimpBurgers like in #Seoul!  My fav‚Ä¶,positive,positive,0.9842444062232971,115,positive,0.9998879432678223
The The Orlando #Python User Group meetup is hosting the Deep Learning with #Python on Monday after next. Be there:,positive,neutral,0.6710382699966431,115,positive,0.9998477697372437
@user it's soft conservatives who are cool with gay people (sometimes blacks) and drone strikes versus genuine progressives.,negative,negative,0.6401640772819519,124,positive,0.9991315007209778
Google Earth joins the VR revolution letting you wander the world in 3D:,positive,positive,0.5225195288658142,72,neutral,0.9765349626541138
"@user anyways u can assume I & others have the best intentions & wouldnt advocate nonconsentual testing for anyone, human or animal",neutral,neutral,0.5311413407325745,131,positive,0.9999960660934448
Ashley Graham needed affirmation after being dumped #bollywood,neutral,neutral,0.5558559894561768,62,neutral,0.9997678399085999
#Buzzfeed is using #BIGOTED #ReligiousTest! #ChipGaines #JoannaGaines #HGTV #Christian,negative,neutral,0.8857036232948303,86,positive,0.5245869755744934
Westworld and our increasingly wired sense of eroticism,positive,neutral,0.7974797487258911,55,neutral,0.9998457431793213
Marine Le Pen: Facts about the French far-right leader,neutral,neutral,0.8446119427680969,54,neutral,0.9994186162948608
@user I'm voting for Tim Duncan,positive,neutral,0.7665879726409912,31,positive,0.9999961853027344
"@user ruin ACA, privatize schools and Medicare, limit abortion choice, sell america's interests to line his pockets, start wars",negative,negative,0.8491477370262146,127,positive,0.9999476671218872
@user she introduced Ivanka to her husband!? Wow all surrounded by Putin's agents,neutral,neutral,0.5867801904678345,81,positive,0.9999419450759888
@user Everyone knows that vegetarianism is synonymous with wellness! üôÑ,positive,neutral,0.47865140438079834,70,positive,0.9999735355377197
"RT @user Trump supporters, please read this article. Do you support this? What possible response is there?",neutral,negative,0.7437108755111694,106,positive,0.9999872446060181
To motivate deep learning & resilience help youth develop initiative. Great tips from @user,positive,positive,0.9578109383583069,91,positive,0.9999979734420776
#native american sex pictures download porn mp4 anal fissure homeopathy,neutral,neutral,0.7560844421386719,71,neutral,0.7670710682868958
Representing in the @user for my peeps. #brownandproud #bad-hombres #thanksgiving,neutral,positive,0.5988271832466125,81,positive,0.9999973773956299
Ethics counsels for W & Obama: Electors shd vote #Clinton if #Trump retains ownership of his businesses #UniteBlue,neutral,neutral,0.8517529964447021,114,positive,0.9999475479125977
The New York Times doesn't even pretend to cover the news anymore. Where are their articles about anti-Trump riots?,negative,negative,0.8580602407455444,115,negative,0.995133101940155
67.4 kg gold missing from Delhi airport in 7 months - via,negative,neutral,0.6595854163169861,57,neutral,0.9999902248382568
#ESPN 2013-14 Panini Gold Standard Gold Prospects #35 Harrison Barnes /49 #TFBJP,neutral,neutral,0.9627024531364441,80,positive,0.9724709987640381
"@user @user ...and by ""genocidal antisemites"" you mean Steve Bannon, right?#NotMyPresident",negative,negative,0.8690690398216248,90,positive,0.9999977350234985
"Rimmel Cosmetics, Avon and Cover Girl: You have got to stop making ‚Äúcosmetics of cruelty‚Äù!",negative,negative,0.8723275661468506,90,neutral,0.9998511075973511
@user Legal terminology for opposing gay marriage? Homo MatrimOHNO,negative,negative,0.5299476981163025,66,positive,0.999962568283081
#Marijuana is medicine. 4 a very authoritative medical review of #cannabis¬†https://t.co/9VlyPQTnGT No Exp date,neutral,neutral,0.6021127104759216,110,positive,0.9958382844924927
What would The [un] @user & Conservatives say if @user or @user did a secret deal to give $300miln to WA? #auspol,negative,neutral,0.8842323422431946,113,positive,0.8676968812942505
#Prophet #Muhammad was treating every one of his #companions as if he most #beloved one to him. #Ep06_,positive,positive,0.5873820781707764,102,neutral,0.9999399185180664
Shame on #Barcelona fans for #homophobia displayed towards @user #RainbowLaces‚Ä¶,negative,negative,0.9215261936187744,79,positive,0.6434223055839539
He's already ENRICHING HIMSELF by charging SS TOP price @user Towers Melania should b forced 2 live @user when time,negative,negative,0.5691756010055542,115,positive,0.9985334873199463
Abortion really brings out the kid in you.,negative,negative,0.7142614722251892,42,neutral,0.9980579018592834
You can now virtually travel the planet as #Google Earth is available in VR.,neutral,positive,0.6870924234390259,76,neutral,0.9994896650314331
New #BeautyAndTheBeast photo of Gaston wooing Belle @user @user,positive,neutral,0.7090470790863037,63,positive,0.9999202489852905
The best holiday ever National Fast food day #NationalFastFoodDay   @user,positive,positive,0.9917895793914795,73,positive,0.9987058639526367
Fast food companies spend $2B advertising to children each year. How's a parent to compete? #NationalFastFoodDay,negative,neutral,0.7050699591636658,112,neutral,0.9999731779098511
"@user @user ...or for her support of ""terrorism""! #Hamas",negative,negative,0.7018967270851135,56,positive,0.9999743700027466
"Comey‚Äôs letter swung public opinion, it would not have cost her the election. Voter suppression did that.",negative,negative,0.6920162439346313,105,negative,0.9998249411582947
#airbnb trips seems good #trips #uber‚Ä¶,positive,positive,0.8973917365074158,38,positive,0.9999713897705078
"If teachers are willing to make content wicked cool, students will be willing to engage in deep learning. #divergED‚Ä¶",positive,positive,0.8301326036453247,116,neutral,0.9998310804367065
Smart roads are the companion self-driving cars need.,neutral,positive,0.7149525880813599,53,neutral,0.9999675750732422
@user she plans to rig the recount...so the Trump admin better be ahead of this. Even Obama didn't want her to do it.,negative,negative,0.8583071827888489,117,positive,0.9999473094940186
Increasingly looks like Russia just conducted a sophisticated intel & propaganda operation of historic significance‚Ä¶,neutral,neutral,0.6409395337104797,116,negative,0.8663153052330017
"@user A fine on that level does not really make much difference, does it üòî #fracking destroys #environment @user",neutral,negative,0.9160420894622803,112,positive,0.6931290626525879
"The deplorables will have an awesome four year long hangover, think salt and hemroids, head in a sack bar of (cont)",negative,negative,0.7596957683563232,115,positive,0.9999986886978149
@user When are we going to sign Mr. @user to his extention? Let's get it done!,positive,positive,0.6042792201042175,78,positive,0.9999995231628418
"@user @user @user Great, so how far will you comply? Just squeeze a little more gun control?Ban angled foregrips, fudd?",negative,neutral,0.47586703300476074,119,positive,0.9999974966049194
"""Focusing on [alt rightists'] respectability...makes white supremacy appear normal and acceptable.""",neutral,negative,0.5735711455345154,99,neutral,0.9997276663780212
"George soros...a member of the National socialist German worker party(nazi party). He served under Hitler, Himmler,this man said...",negative,neutral,0.831203818321228,131,negative,0.5045651793479919
@user The Clinton Crime Foundation got everyone wanting to Pay to Play!,negative,negative,0.5295618772506714,71,positive,0.9999228715896606
@user @user @user @user @user The NeoFascist Conservatives all cling to the fact that...,negative,negative,0.6331828832626343,88,positive,0.9998787641525269
#FantasticBeasts at @user then to DHS for #JingleBellJingleBAM,positive,positive,0.8955100774765015,62,positive,0.9999368190765381
FCBarcelona: Arda Turan missed Friday's training session at the Ciutat Esportiva due to a fever #FCBlive,neutral,neutral,0.6349655985832214,104,negative,0.9556165933609009
@user it just fucking blows because working a minimum wage job i need all the money i can get. shit isnt cheap.,negative,negative,0.9478798508644104,111,negative,0.9999895095825195
Spirit of my silence i can hear you. But im afraid to be near you. #ThisIsUs üòçüòçüòç,positive,positive,0.6167662143707275,80,neutral,0.9998897314071655
Why does everything need a #remake?  Enjoy the #classics!  #BeautyandtheBeast #TheBradyBunch,neutral,positive,0.8521348237991333,92,negative,0.999843955039978
"Brexit has started the disintegration of the EU, Italy&#39;s Europe minister says - -  - The populist ...",negative,negative,0.7870467305183411,105,neutral,0.999943733215332
Conflicts are only 1 of many issues facing racist/sexist/abusive/narcissistic despicable Trump. He also violated US‚Ä¶,negative,negative,0.9213006496429443,116,neutral,0.9421333074569702
"The Kelly File Special Nov 25, 2016 The Trump Transition ; Panel on Trump Cabinet Controversy: via @user",neutral,neutral,0.9649790525436401,104,positive,0.9997592568397522
The Democrats are behind the Anti Trump protests that turn into Riots.There Parents must be pleased with how they raised there Children.,negative,negative,0.704569399356842,136,neutral,0.569820761680603
Trump says to #draintheswamp but fills his cabinet with fucking Swamp Things,negative,negative,0.9124777913093567,76,negative,0.9999978542327881
"white supremacists?  alt-right?  They're fucking Nazi scumbags, or as I like to call them ""anti-american shit-stain‚Ä¶",negative,negative,0.9427569508552551,116,negative,0.9999643564224243
Booty Baby Ari#ArianaGrande #PrincessAri #bootybaby #DangerousWomanTour #DangerousWoman‚Ä¶,neutral,neutral,0.7158423066139221,88,positive,0.9999972581863403
75 percent of #Trump voters want to accelerate the growth of #clean #energy. #frackinghttps://t.co/LGmdweMk8q,neutral,positive,0.6618854403495789,109,neutral,0.9999117851257324
@user and @user desperately trying to create brexit anxiety. Best to ignore mainstream media and laugh them off for what they are.,negative,negative,0.8680638670921326,130,positive,0.9979227185249329
New All Party Parliamentary Group on Vegetarianism & #Veganism to discuss the impact of #Brexit Tues 3pm,neutral,neutral,0.8964804410934448,104,neutral,0.9999780654907227
"Link in bio - Come on The Walking Dead, get it together. #TheWalkingDead",positive,positive,0.5699442028999329,72,neutral,0.9844483137130737
Using #homeopathy to heal #PneumoniaInDogs is quick & economical #NaturalDogs #HolisticDogs,neutral,positive,0.6281933188438416,91,negative,0.9928879141807556
Do you think the Trump administration will construct a wall on the Mexican border?,neutral,neutral,0.8941523432731628,82,negative,0.827840268611908
Dear President Trump I think you should mak Dr. Ben Carson assign to your cabinet as the US Surgeon  General instead of HUD.,neutral,neutral,0.8394858837127686,124,neutral,0.7231935858726501
"@user tried to drink, but just allergies so I sat there congested and bored watching David Blaine",negative,negative,0.7334529757499695,97,positive,0.9999995231628418
@user Yikes! Turnbull Gov to introduce voter registration licenses. üòâ,neutral,neutral,0.5621864795684814,69,positive,0.9999325275421143
@user  My opinion-This is a ploy to make an agreement between her and Trump.  She won't protest if he won't prosecute.,neutral,negative,0.5501793026924133,118,positive,0.9999924898147583
"$2 Mil a DAY to protect Trump et al, because Melania doesn't want to move to DC, & Trumpkins wants to ""go home""",negative,neutral,0.5379346013069153,111,neutral,0.9999082088470459
@user only Marine le Pen seems pleased! Very concerning for Europe. Hope some heads start to really work in Brussels!,neutral,neutral,0.4034746587276459,117,positive,0.9999998807907104
"@user Imagining a credible threat, can they force him to sit down for the briefing? ""Look son, some bad hombres wanna get you...""0",neutral,negative,0.7281453013420105,130,positive,0.9999828338623047
Here's Obama legacy; we started his presidency with 3 wars and we end it with 7! & drone strikes; & Hillary wanted‚Ä¶,negative,negative,0.9000935554504395,115,neutral,0.997745931148529
Why are oral vaccines less common than injected vaccines even if it can induce both systemic and mucosal immunities?,negative,neutral,0.6781931519508362,116,negative,0.9997299313545227
Happy Friday #sarahwaynecallies #prisonbreak #thewalkingdead #colonyusa,positive,positive,0.9514620304107666,71,positive,0.9999961853027344
"@user To each her/his own. Most Conservatives, I simply disagree with, some I distrust and a few I dispise. Pick your #poison",negative,negative,0.7449877262115479,125,positive,0.9999921321868896
"The thrill of seeing a wheelchair user in a movie doing boring, meaningless things that have nothing to do with euthanasia.",negative,negative,0.5739064812660217,123,positive,0.999997615814209
@user @user @user @user @user @user @user @user @user @user got a box of No.8 Maduro,neutral,neutral,0.8895022869110107,84,positive,0.9999992847442627
This am my 8yo talks to me about 3D printing new airways for me. #hewillgoplaces #lovehimtopieces #TBM #justbreathe,positive,positive,0.8975053429603577,115,positive,0.9999990463256836
"True, the Obama Admin. Squashed the Tea Party movement, unprecedented behavior.",neutral,neutral,0.5776414275169373,79,neutral,0.9995025396347046
"@user @user @user @user @user That's the first step in Gov't ""Gun Control"" Eliminate access to Ammunition.",neutral,neutral,0.51534104347229,106,positive,0.9999750852584839
".@NavyFederal the ""killer honeymoon"" commercial is so insensitive-u have drone strikes missing 90% of targets-not too funny #liberty",negative,negative,0.9437761306762695,132,negative,0.9967856407165527
"Let's stop parsing.Just as #AltRight = Nazi, populist = anti-immigrant white supremacist. This is simple, irrefutable historical fact.",neutral,negative,0.6390812397003174,134,neutral,0.5213146805763245
See you kids tomorrow #blackfriday #blackweek #podesejogar #dobre #mordki #unitednations‚Ä¶,positive,neutral,0.6698845624923706,89,positive,0.999953031539917
White-collar supremacy is CODE used by liberal fascists for People who Work for Living in a Real Job #pjnet #trump #tcot #UniteBlue #p2,negative,negative,0.8009269833564758,135,neutral,0.9965543746948242
I need a back massage,neutral,neutral,0.4757366478443146,21,neutral,0.9998364448547363
Okay but many alt rightists worship HitlerYou people can't keep pretending they aren't Third Reich 2.0,negative,negative,0.8476431369781494,102,positive,0.9346083402633667
#Tigers #Memorabilia 2013 DETROIT TIGERS TICKET LOT OF 3 vs WHITE SOX CABRERA VERLANDER VGC L@@K! #Vintage #Sports,positive,neutral,0.857361376285553,114,neutral,0.9127622246742249
BEN 'THE SENSATION' HALL v CARSON JONES - OFFICIAL WEIGH IN & FACE OFF V...,neutral,neutral,0.9299898743629456,75,neutral,0.999755322933197
@user #GilmoreGirlsTop4 easy 2. Sookie 3. Emily 4. Luke,positive,neutral,0.8027429580688477,55,positive,0.9999985694885254
@user everyone in the country is worried about our presidency and you and your girl still whining about the cy young.shut up dude,negative,negative,0.8824085593223572,129,positive,0.9999940395355225
@user Thats not going to happen. The media will use him in an attempt to smear all conservatives. Spencer will relish in it.,negative,negative,0.7797739505767822,124,positive,0.9999686479568481
"@user Sadly, this is how Steve Bannon sees all Jews.",negative,negative,0.9044362306594849,52,positive,0.9967617392539978
"Ben Shapiro on Steve Bannon, the alt-right, and how they're using Trump while he's too stupid to see it. #FuckTrump",negative,negative,0.8444554209709167,115,neutral,0.99826979637146
And Melania didn't plagiarize her speech either,neutral,neutral,0.5692729949951172,47,negative,0.99994957447052
"Oh right, I have to save up $60 by February if I wanna get Persona 5.",neutral,neutral,0.6145057678222656,69,neutral,0.9998564720153809
@user #CapitalistArmy #MemeWars Michael Moore's Twitter page is MMFlint.,neutral,neutral,0.6722550988197327,72,positive,0.9999942779541016
"If the Community Spouse Dies Before the #Medicaid Recipient, Can #Medicaid Collect from the - via @user",neutral,neutral,0.9045578241348267,103,positive,0.9948338270187378
@user @user I'm retiring from twitter,negative,neutral,0.5407919883728027,37,positive,0.9999945163726807
@user @user Someone didn't just ask you that lol. Tommy Why would you be happy with any race doing a crime. The Liberals need bedü§ó,negative,negative,0.7317139506340027,130,negative,0.8166640996932983
"Fake news, Election Day hacks, Wikileaks, Comey, Russia, Jill Stein, Gary Johnson, etc. are all to blame, but Clinton herself, isn‚Äôt.",negative,negative,0.8706530332565308,133,neutral,0.7025135159492493
It's a good day to watch #ThisIsUs and #Insecure,positive,positive,0.9625192284584045,48,positive,0.9999493360519409
"I  just want to move to LA, work a minimum wage job. Make clothes and paint all day. Do some community organizing. Start a modeling career.",neutral,neutral,0.5849475264549255,139,neutral,0.9999980926513672
"I dunno, from my porch view of Europe, there is certainly creeping unease, Baltics, Scandi, rightists in FR, IT, AU‚Ä¶",negative,negative,0.5896276831626892,116,neutral,0.999955415725708
Watch Tesla Model S P85D‚Äôs instant speed avoid a potential rear-end collision,positive,neutral,0.7904877066612244,77,positive,0.9065881967544556
"Positive news - #France to enforce labeling of products produced in illegal #settlements, etc.: #Palestine #Israel",positive,positive,0.579635500907898,114,neutral,0.9741538166999817
@user Direct Contact! Tell the Electoral College why they must invoke Emergency Safety Measures #NotMyPresident,neutral,negative,0.7708795070648193,111,positive,0.9999886751174927
This is by far the most clear-eyed WH appraisal of Obamacare's problems that we've seen. That's encouraging.,neutral,positive,0.9069290161132812,108,negative,0.9464371800422668
@user UN SecurityCouncil to vote on a resolution for a 7day ceasefire in northern Syrian city of Aleppo&unhindered humanitarian aid access,neutral,neutral,0.8461300134658813,138,positive,0.9994320273399353
I'm starting to like the cowboys without Tony Romo,neutral,neutral,0.5081912279129028,50,positive,0.9995654225349426
Its getting really hard to not spoil Persona 5 for myself,neutral,negative,0.6815887093544006,57,negative,0.9998985528945923
@user I just had a shawarma sandwich and I say forget vegetarianism,neutral,neutral,0.5903968811035156,67,positive,0.9999988079071045
Trump hit by media for choosing billionaires for Cabinet - Member of transition team Anthony Scaramucci weighs ...,negative,neutral,0.8813273906707764,114,neutral,0.9998795986175537
‚ÄòPay-to-Play at Its Rawest‚Äô: Critics Blast Trump‚Äôs Connections to Dakota Pipeline Companyhttps://t.co/uNdc2Cq0N7#uniteblue #notmypresident,negative,negative,0.6601308584213257,138,neutral,0.9999721050262451
Neymar Jr leads the #UCL for assists - seven so far. We've got plenty more stats where that came from:‚Ä¶,neutral,positive,0.4986628293991089,103,positive,0.7991008162498474
I liked a @user video Nintendo Gay Marriage: Last Week Tonight with John Oliver (HBO),positive,positive,0.9152583479881287,85,positive,0.9999971389770508
Here's some @user data on the partisan divide separating Dem and Rep views of Putin and Russia's role in the‚Ä¶,negative,neutral,0.9250230193138123,109,positive,0.9999986886978149
Hey Guys! Next month I'm going to Korea in My Mother to spend Christmas vacation there and I'm so excited!!! #korea #onedirection #me,positive,positive,0.988336980342865,133,positive,0.9721518754959106
its always valentines with this one #BabySelcaDay,neutral,positive,0.8379346132278442,49,neutral,0.9965617060661316
@user Where are you getting that? Medicare is not guaranteed to be funded beyond 2030. And it sucks NOW.,negative,negative,0.9391470551490784,104,negative,0.9533470869064331
Dalai Lama and Pope Francis said it is wrong to identify Islam with violence/terrorism coz no religion can be relate with violence/terrorism,neutral,negative,0.7158157825469971,140,negative,0.9998805522918701
@user @user @user So much for her preaching to Trump to accept the outcome üôÑ & peaceful transition of power.,neutral,negative,0.6198919415473938,108,positive,0.9999858140945435
"Steve Bannon - its okay for straights to call lgbt ""gay, fag**t, and qu**r""... anyone who comes to me saying that gon catch these hands üëäüí• üëä",negative,negative,0.8007587790489197,140,positive,0.6255303621292114
.@poroshenko's administration says the European Union is to give #Ukraine more money for anticorruption and reform‚Ä¶,neutral,neutral,0.8985667824745178,115,neutral,0.9999799728393555
"The Kind Diet, a very interesting read so far! A look into vegetarianism and veganism üêÑüê∑üêë",positive,positive,0.9711493849754333,89,positive,1.0
Tesla‚Äôs autopilot model highlights the dangers of self-driving cars and potential flaws in engineering.,neutral,negative,0.8375353217124939,103,neutral,0.9019162654876709
Caught on camera: 3 Muslims seem to start fire outside a Jewish village near #Jerusalem...,negative,negative,0.6360049247741699,90,neutral,0.9992831349372864
VAMOS #LM10 No one can hold you down. If you really want it.Just steal your destiny.Right from the hands of fateüôå‚Ä¶,positive,positive,0.6953662633895874,114,neutral,0.9999250173568726
"35 years ago, Rollie Fingers wins the AL Cy Young and MVP awards - becoming the first ever baseball reliever to win‚Ä¶",positive,positive,0.7161609530448914,116,positive,0.9999983310699463
@user @user Because Muhammad Ali knew in 1977 that some midget named Lionel Messi would exist,neutral,neutral,0.683721125125885,93,positive,0.9999988079071045
"Watch her discuss her plans for Florida, which will include marine conservation, gun control, and closing the wage gap!",neutral,positive,0.5307512879371643,119,neutral,0.9999951124191284
What is it with the Alt-Right Nazi-squad disliking Romney? Get over it.,negative,negative,0.8727594017982483,71,neutral,0.9999672174453735
"Awesome, baby!",positive,positive,0.9864552021026611,14,positive,0.9999992847442627
@user @user @user @user many didn't vote GOP because they wanted a plan for social security and jobs.,neutral,negative,0.5063124299049377,101,positive,0.9999986886978149
Top story: TekUniverse Slashes Prices On The DreamCreator 3D Printing Pen For T‚Ä¶ see more,positive,neutral,0.7812613844871521,89,neutral,0.9999198913574219
No respite' from Israeli violence against Palestinian children #gaza #palestine #israel #BDS #jerusalem,negative,negative,0.9141131639480591,103,neutral,0.9513187408447266
Donald Trump should get Petr Cech to be the wall on the Mexican border. Nothing would get through.,neutral,negative,0.6629651188850403,98,positive,0.5979233980178833
#the sensitive naked man sexy girls in boys clothes galleries cristiano ronaldo nude pics,neutral,neutral,0.8476029634475708,89,negative,0.9999682903289795
#RickyMartin ft. #Maluma new entry on @user @user w/ #VentePaCa  #latinhits‚Ä¶,neutral,neutral,0.9330649971961975,76,positive,0.9999758005142212
I'm gonna write a book based on Jigsaw capturing David Blaine lmao everyone's gonna h8 it,neutral,positive,0.46876847743988037,89,negative,0.9095479846000671
. @user retweets anti-Semitic remark,negative,negative,0.7372178435325623,36,positive,0.9999798536300659
Leonard Cohen on Kurt Cobain‚Äôs Nirvana lyric name-check: ‚ÄòI‚Äôm sorry I couldn‚Äôt have spoken to the young man‚Äô,neutral,negative,0.5317289233207703,108,negative,0.9960632920265198
** Black Friday News **Trump win helps Le Pin in France?Trump transition reportGiuliani or Romney?Aretha sings!https://t.co/usyDFCzONv,neutral,positive,0.5577027797698975,134,positive,0.8943459391593933
Phrenology meets deep learning. Precog here we come. If we could apply the test to all politicians & CEOs...https://t.co/xNywkS60Yd,neutral,neutral,0.6479366421699524,131,positive,0.9979327917098999
What the right wing press have dug up about the Brexit Supreme Court judges,neutral,neutral,0.679603099822998,75,neutral,0.9836238622665405
Chinese websites block searches for ‚ÄòFatty Kim the Third‚Äô,neutral,neutral,0.5850328207015991,57,neutral,0.9873418211936951
"Despite their rocky history, @user has joined the #LinuxFoundation as a platinum member",neutral,positive,0.7809946537017822,87,negative,0.9991980195045471
.@Liz_Wheeler @user voter suppression very real in WI per higher court injunction. Keep up. Secretary Clinton did not request recount.,neutral,negative,0.787521243095398,134,positive,0.9674327969551086
#isis France Foils ISIS Attack Planned for Next Week: Prosecutor -,neutral,neutral,0.5308629274368286,66,positive,0.9685162901878357
"@user Yeah, Key made it look easy. Also see, gay marriage: Turnbull believes the same things as Key, but is in all sorts of trouble",neutral,neutral,0.5091508030891418,131,positive,0.9998130202293396
Top Reasons Why You Should Visit Israel - Voyager @user #Israel #Travel #Vacation #FamilyTravel #Jerusalem,neutral,positive,0.697852373123169,106,positive,0.987848162651062
"Dear NO voters, are you celebrating your victory? So are Nigel Farage and Marine Le Pen. Enjoy the lovely company. #ItalyReferendum",negative,positive,0.9320959448814392,131,negative,0.955450177192688
We'll be featured in 3 magazines in a couple of months. Which pic should we use? #Vote #MDwine #BeautyAndTheBeast,positive,neutral,0.714838445186615,113,neutral,0.9999765157699585
@user hope you truly enjoyed your ride in our #Tesla model S today! #ev #cleanair #London,positive,positive,0.9831825494766235,89,positive,0.9999998807907104
"Draining the swamp, Part IITrump Stock In Dakota Access Oil Pipeline Raises Questions via @user",neutral,neutral,0.6716210842132568,95,positive,0.9999746084213257
Just don't let @user within arm's reach of Sophie.,negative,neutral,0.6503309011459351,50,positive,0.9999650716781616
Appreciating Bob Dylan right now. I love my dad haha,positive,positive,0.9868552088737488,52,positive,1.0
Love has no LabelsAmerican Deaf Hearing peopleWars. GAY MARRIAGE straight.Military jobs. Family.House. moneyFlow. Hard work,neutral,neutral,0.6657652854919434,123,negative,0.9995469450950623
"today marks 10 yrs since the tragic shooting of Sean Bell. here's a song I co-wrote & produced ""Got No Love""‚Ä¶",neutral,neutral,0.5421503782272339,109,positive,0.9999995231628418
"So Fidel is dead, but can someone enlighten me as to what's next?? Venezuelans rejoiced when Chavez died, but Maduro's just as bad/worse.",neutral,negative,0.8704230189323425,137,negative,0.9999877214431763
Comey still must go!,neutral,negative,0.6930670142173767,20,positive,0.9107930660247803
"üö®It's about timeüí•Dana Milbank: Time For Pelosi, Senior Democrats to Step Down via @user",neutral,neutral,0.7675129771232605,87,positive,0.8781758546829224
@user Marine Le Pen should win France,positive,neutral,0.6063311100006104,37,positive,0.9999977350234985
Donald Trump Owns a Stake in the Dakota Access Pipeline  #TrumpDirtyMoney #DakotaAccessPipeline,neutral,negative,0.6536373496055603,95,neutral,0.9999626874923706
donald trump bad hombres,negative,negative,0.7411437630653381,24,negative,0.9946596026420593
"@user Immigration to other places due to ruin of the money, money transfers to clients by the state, price controls, state theft.",negative,negative,0.775364875793457,129,positive,0.767363429069519
Just seen #FantasticBeasts #IMAX it's like #PokemonGO only pretend.,neutral,neutral,0.44183337688446045,67,negative,0.7188047766685486
@user @user #TRUMPTRANSITIONTEAM ALL WITH HISTORY OF ANTISEMITISM AND SUCH...,negative,negative,0.7285691499710083,77,positive,0.9999967813491821
@user @user How do you explain this?,negative,neutral,0.8984955549240112,36,positive,0.9997023940086365
saw david beckham on david blaine's tv special and i had to bite down so hard to stop me from screaming daddy,positive,positive,0.5535826086997986,109,negative,0.9990624785423279
"sickening #YPG /PKK alliance with #Hezbollah terrorists, yet #US still arms YPG to the teeth and even support them with Special forces #fail",negative,negative,0.9205299615859985,140,positive,0.9999995231628418
@user Newsweek & Saakashvili's handler Bruce Jackson answering 2 same Washington-based globalists? 18'30'',neutral,neutral,0.9168990850448608,106,positive,0.9999988079071045
"NHMRC releases statement and advice on homeopathy, Australia",neutral,neutral,0.9487345218658447,60,positive,0.9999970197677612
"I'm 34, what social security? My generation and younger are fucked. Thanks to Baby Booming assholes.",negative,negative,0.9517419934272766,100,positive,0.9999955892562866
Ahmed lost his home to IS. #MosulOffensive,neutral,negative,0.6810222268104553,42,neutral,0.9997778534889221
Column: The #UnitedNations‚Äô #Palestinian refugee industry #UNRWA,neutral,neutral,0.9232859015464783,64,positive,0.9962726831436157
Malak al-Khatib: Symbol of Palestinian childhood denied via @user #gaza #palestine #israel #BDS #jerusalem,neutral,negative,0.7075048685073853,106,positive,0.9999988079071045
"@user @user compare total votes in a sample of precincts to census, voter registration lists & publicly available data",neutral,neutral,0.9285285472869873,118,positive,0.9999991655349731
"@user If Sox fans AND the actual org. are going to build an identity around hating the Cubs, then I'll give it right back.",neutral,negative,0.7324487566947937,122,positive,0.9999282360076904
#Tipp  World of Fishing: 5 Euro Rabatt gewinnen: Um euer Equipment in World of Fishing‚Ä¶,neutral,neutral,0.9243208169937134,87,positive,0.9934096336364746
@user Asking for identification isn't voter suppression.,neutral,neutral,0.6465551257133484,56,positive,0.9049458503723145
THE GREAT WALL OF ISRAEL #gaza #palestine #israel #BDS #apartheid #jerusalem,neutral,negative,0.5277135968208313,76,positive,0.9999779462814331
"@user an outdtanding PM who has provided stability, a surplus, some of best growth stats in OECD, & supported gay marriage #respect",positive,positive,0.8904964327812195,131,positive,0.9999997615814209
Flashback Friday 5 years ago Nov 2011 Disneys Beauty and the Beast @user #FlashbackFriday #BeautyAndTheBeast,neutral,neutral,0.5005913972854614,108,positive,0.9999037981033325
Medicare is more cost-effective than private insurers and could serve as the foundation for a single-payer system.,positive,positive,0.7007633447647095,114,neutral,0.9997689127922058
8 Dangerous Side Effects of Fracking That the Industry Doesn't Want You to Hear About | Alternethttps://t.co/NknAwg0MV4,neutral,negative,0.7321930527687073,119,neutral,0.9999991655349731
"@user @user @user UK great Antoine Walker on if his 96' team could stop Bam: ""Ask Tim Duncan about us.""#BBN",neutral,neutral,0.8449859619140625,107,positive,0.9999998807907104
@user And looking at what homeopathy IS should be enough to dismiss it out of hand. Chemistry just does not work the way they claim.,negative,negative,0.6947323679924011,132,negative,0.9998540878295898
Now i know why they are raving about this show! #thisisus,positive,neutral,0.47450828552246094,57,negative,0.9997232556343079
"@user @user wow!! How awful! I thought this was next because of transgender acceptance, not gay marriage.  Great video! #pizzagate",neutral,negative,0.9081746935844421,130,positive,0.9999995231628418
@user we'll miss you in Seattle! Especially when you win your NL Cy Young award!,positive,positive,0.9449732899665833,80,positive,0.9999996423721313
#Butterball Turkey Shareholder Investigated for Ties to #Hezbollah  #terrorist #pig #revokecitizenship,neutral,negative,0.7896556854248047,102,negative,0.4877304136753082
Avail #service of an #Immigration #Consultant for Immigrationhttps://t.co/fZeCbmWhxc,neutral,neutral,0.8554122447967529,84,positive,0.9999984502792358
Saakashvili followed Savchenko has passed a drug test live: #news #Russia,neutral,neutral,0.9254723191261292,73,positive,0.9944674968719482
"The @user host Atlanta tonight. Don't be the fan who shows up at halftime, the game tips at 6p.",neutral,neutral,0.8416004776954651,95,positive,0.9999960660934448
The crazy thing is so many white leftists believe this bullshit,negative,negative,0.8804388046264648,63,negative,0.9999767541885376
Was Muhammad Ali A Prophet Or A Phony?CLICK HERE #IsraelunitedinChrist #Israel #Israelites #Blacktwitter,neutral,neutral,0.8937891721725464,104,neutral,0.9967807531356812
"Jill's supporters, they report more fake new reports. I feel it is to destroy credit if anything is there w/Soros",negative,negative,0.8127495646476746,113,negative,0.9991068243980408
RIP castro the Hero.and fuck liberals ‚úå,negative,negative,0.8777788877487183,39,neutral,0.999036431312561
One thing I can't stand is this anti-Japan Korean slimy NGO Human Rights Watch funded by George Soros exploits Hiro‚Ä¶,negative,negative,0.9213775396347046,116,neutral,0.8165480494499207
"@user says ""In 2007 The #UnitedStates of #America voted the wrong way on genocide in the #UnitedNations """,neutral,negative,0.7705134749412537,105,positive,0.9998598098754883
Apple nabs obscene share of smartphone profit thanks to Samsung's Note 7 debacle - MarketWatch | #galaxyNote7 #Not‚Ä¶,negative,negative,0.5140593647956848,115,positive,0.9999994039535522
Fracking Banned in City of Frostburg Through Existing Legislation ‚Äì The Bottom Line News,neutral,neutral,0.7513670325279236,88,neutral,0.9999061822891235
I think my boss and her family just won the #mannequinchallenge.,positive,positive,0.6505275964736938,64,neutral,0.9997923970222473
I think @user character on #ThisIsUs is probably one of the best dads ever on a tv show.,positive,positive,0.9849441647529602,88,positive,0.9999822378158569
Y'all are surprised Kanye's brain broke?! David Blaine is a fucking DEMON YO!!!,negative,negative,0.9368133544921875,79,negative,0.9998503923416138
"""Kim Fatty the Third""",negative,neutral,0.8497322797775269,21,neutral,0.9377093315124512
The defense of the US elections from the Obama Admin came amidst hacking fears & allegations of hacking from Russi‚Ä¶,neutral,neutral,0.5595427751541138,115,neutral,0.9999784231185913
Actually bWAR does an adjustment for defense I think. Not a very good one. That was the essence of the Verlander/Porcello debate.,negative,negative,0.7245645523071289,129,negative,0.7224227786064148
"Ethics by Nielsen ratings! Was there already a @user episode about this, or am I thinking The Running Man?‚Ä¶",neutral,neutral,0.8687477111816406,107,positive,0.9999929666519165
"When I'm in public and pull a pair of underwear out of my sweatshirt sleeve, I can't help but feel like David Blaine. #magic #static",positive,positive,0.7240192294120789,132,positive,0.7718260288238525
My new pet#thewalkingdead,positive,positive,0.7351498603820801,25,neutral,0.5788266658782959
@user @user not only did he not say it. It was hard enough for american born people to avoid illegal voter suppression to vote,negative,negative,0.7129369378089905,126,negative,0.9565602540969849
I love my Cubs!,positive,positive,0.9790094494819641,15,positive,0.9999995231628418
"All plots to kill Hitler came from Rightists: von Stauffenberg, Rommel...",neutral,negative,0.6233773827552795,73,neutral,0.9996727705001831
@user @user @user @user @user ummm vaccines have avoided over 700000 deaths since the nineties...,positive,neutral,0.6216177344322205,97,positive,0.9999992847442627
That's beautiful ‚ù§ #BeautyAndTheBeast,positive,positive,0.9859517812728882,37,positive,0.9999997615814209
#RaulCastro: #Cuban #government will not #allow to be named after #Fidel the street and put him monuments‚Ä¶,neutral,negative,0.6180374026298523,106,neutral,0.9800831079483032
Microsoft HoloLens just pulled off a mixed reality #MannequinChallenge. #htcive #baofeng #psvr,neutral,positive,0.5793975591659546,94,neutral,0.829993724822998
"Potential for inhalable vaccines for influenza, pneumonia, with new approach",neutral,neutral,0.6388201713562012,76,positive,0.9988823533058167
Our own #MannequinChallenge @user @user @user thank you Studio Halloum .FULL VERSION ON FACEBO‚Ä¶,positive,positive,0.9140962362289429,95,positive,0.9999988079071045
@user Liberals having no knowledge of who their speaking to parroting what @user tells them. Here's what you‚Ä¶,negative,negative,0.793908417224884,109,positive,0.9999685287475586
@user @user put an embargo on FRANCE like you do other countries like Cuba,negative,negative,0.5927473306655884,74,positive,0.9995108842849731
"You got nothing to loose except your Retirement, SS, Medicare, Pensions, Healthcare, the right to vote. They voted GOP, need Mental Health",negative,negative,0.6367677450180054,138,negative,0.861325204372406
Arm urselves becuz no 1 else here will save u.My 71yo dark-skinned nonwhite mom's new gun 2 be ready 4 pick up on‚Ä¶,negative,neutral,0.5514007210731506,114,neutral,0.9984704852104187
That Westworld finale was so good! Hoping we don't have to wait too long for Season 2...,positive,positive,0.980176568031311,88,positive,0.9999986886978149
#DnvrPolitics Minimum Wage,neutral,neutral,0.8147966265678406,26,neutral,0.997361958026886
1.  Emily Gilmore2.  Sookie3.  Lane's mother4.  Miss Patty #GilmoreGirlsTop4,neutral,neutral,0.8457191586494446,76,neutral,0.9999499320983887
#Capture #ISIS  #Militants By #IraqiArmy Seen What Happened Next #Russia #USA #Syria #SyrianArmy #America,neutral,negative,0.6522147059440613,105,neutral,0.9999833106994629
Late to this but incredible Trump/Bannon insight in this piece by @user via @user,positive,positive,0.7470130324363708,81,positive,0.9965918064117432
"@user @user Little early for valentines, but I'll take it! <3",positive,positive,0.9234515428543091,61,positive,0.9999988079071045
Do you think Michelle Obama wanted to smack Melania Trump for plagiarizing her convention speech? She has the arms for it.,neutral,neutral,0.6620518565177917,122,negative,0.999749481678009
Finally time to see #FantasticBeasts! Going with my dad cuz he loves #HarryPotter magic too and is the only series he's read in print üòçüòç,positive,positive,0.9848045110702515,136,positive,0.9917130470275879
"""Fatty Kim The Third"" üò≠üò≠üò≠",neutral,neutral,0.4862523078918457,25,neutral,0.9789870381355286
"Is #Ukraine headed for another revolution? #Saakashvili who resigned the Kiev govt because of corruption, thinks yes",neutral,negative,0.7245911359786987,116,neutral,0.9855149984359741
@user Happy Thanksgiving!,positive,positive,0.9821658730506897,25,positive,0.9999985694885254
@user @user @user pesky nukes. Don't forget Trump skirted embargo in Cuba. Sad!,negative,negative,0.8666839599609375,79,positive,0.9999988079071045
@user @user that's dumb... the American ones do not handle the terrain as well,negative,negative,0.8943604230880737,78,positive,0.9991307854652405
first date dream: take me to an anti-trump protest,negative,neutral,0.7284694910049438,50,neutral,0.9939355254173279
Universal car mobile phone holder stand windshield mount holder for xiaomi note iphone 4s,neutral,neutral,0.6514167189598083,89,positive,0.9991067051887512
@user investigate a presidential transition.?  You really are a partisan hack.,negative,negative,0.9256824254989624,78,positive,0.9999732971191406
@user I would ask Verlander about that but he's blocked me I think,neutral,neutral,0.7405521273612976,66,positive,0.9999797344207764
But remember the Clinton Foundation??,neutral,neutral,0.7272695899009705,37,neutral,0.9843591451644897
Jill STEIN WHY YOU DO ME A FAVOR GO RECOUNT FIDEL CASTRO S  BALLS,negative,neutral,0.5840623378753662,65,negative,0.9999991655349731
@user @user @user @user @user Honestly? Current day short haired 80s power businesswoman Megyn. So fine.,positive,positive,0.9061704874038696,104,positive,0.9999988079071045
@user Grayson Allen is a better fit for you guys,positive,neutral,0.6404725909233093,48,positive,1.0
"#tech #summary:  #tesla  #model s can be located,  #un #locked,  #stolen by manipulating  #tesla  #apps",negative,neutral,0.8074599504470825,103,neutral,0.999427318572998
üòÇüòÇüòÇüòÇ I was about to say shimmy Duncan because of tim Duncan but it ain't sound right,neutral,negative,0.5360386371612549,84,neutral,0.9967014193534851
Thanksgiving was great and now today is second thanksgiving for me and my fam!,positive,positive,0.9835741519927979,78,positive,0.999988317489624
Black firday saleHead commissionsPersona 5 HUD commissions (best if you get both for $2 extra),neutral,neutral,0.562725841999054,94,positive,0.997369647026062
Lauren Graham Responds To Lin-Manuel Miranda's 'Gilmore Girls' tweet - beautiful!@fallonthornley @user,neutral,positive,0.8648648858070374,102,positive,0.9999988079071045
Join me in supporting Foster Campbell via @user #UniteBlue #LibCrib,neutral,positive,0.6756782531738281,67,positive,0.9999326467514038
Cristiano Ronaldo Workout Routine and Diet Plan,neutral,neutral,0.9220163226127625,47,neutral,0.9999024868011475
James Harden is better than Cristiano Ronaldo,neutral,positive,0.5952776670455933,45,positive,0.9997615218162537
Why it's time for a rethink on flu vaccination #Immune System - Vaccines @user,neutral,neutral,0.9120128750801086,78,negative,0.9990774393081665
( melania trump voice ) hello.,neutral,neutral,0.8062602281570435,30,neutral,0.9400307536125183
@user The effects of voter suppression were likely greater than both.,neutral,negative,0.667358934879303,69,positive,0.9999886751174927
@user @user well traditionally we don't vote rightists into power. And are too fragmented to elect a trump or modi,negative,negative,0.4925747513771057,114,positive,0.9999982118606567
"#TrumpTransitionTeam ""Everyone who knows won't talk. Everyone who's talking doesn't know."" #TrueStory #MAGA",neutral,neutral,0.4979843497276306,107,positive,0.5777685642242432
#GilmoreGirlsTop4 4. Sookie 3. Michel 2. Lane 1. Jess (I know what I'm doing at 12:01am),neutral,neutral,0.8883451819419861,88,positive,0.9999641180038452
@user @user insurance from 298 to 1300 month. She said tax hikes; he said tax cuts. Lota friends jobless. Dems had their chance.,negative,negative,0.82803875207901,128,positive,0.8896123170852661
Im still trying to get over Leonard Cohen dying. He was fucking awesome.,positive,positive,0.5457793474197388,72,positive,0.9994457364082336
"@user they are, i can't even wear them more than a day. & Revlon does animal testing. Any other brands?",negative,negative,0.8036960363388062,103,positive,0.9251924753189087
Nikki Haley‚Äôs family In India Cheer Her Appointment As UN Envoy #nikkkihaley #unenvoy #unitednations #donaldtrump,positive,neutral,0.8142285346984863,113,positive,0.9989914298057556
Am apreciat un videoclip pe @user Cristiano Ronaldo ‚ñ∫ Magic Goals 2016/17 Skills & Goals |HD|,neutral,positive,0.5975418090820312,93,positive,0.9701064229011536
Spider-Man: Top 5 Actors To Play Kraven The Hunter -,neutral,neutral,0.7019497752189636,52,neutral,0.9898530840873718
Chinese scientists convert infectious viruses into live vaccines to tackle deadly viruses,positive,neutral,0.5696378350257874,89,neutral,0.6202831864356995
"68,000 Iraqis displaced from #MosulOffensive: #UN via @user",neutral,negative,0.5744411945343018,59,positive,0.9729649424552917
The latest Earth Echos Daily! Thanks to @user #yemen #archives,positive,positive,0.83050936460495,62,positive,0.9999980926513672
My Grandmother would kill the #mannequinchallenge....she's dead #RIP,negative,negative,0.8914967179298401,68,neutral,0.9998906850814819
(There's a better chance of Logan Verrett winning a Cy Young than there is of me ever wanting my family to do  the mannequin challenge),neutral,neutral,0.47669345140457153,135,positive,0.969308614730835
@user and this is the news for Sunday. Tax returns? Visit to Cuba during an embargo. Conversations with Putin Taiwan I hope they all,neutral,neutral,0.7079765200614929,132,positive,0.9994069337844849
Scientists Are Beginning to Figure Out Why Conservatives Are‚Ä¶Conservative,neutral,neutral,0.8112019896507263,73,negative,0.999984860420227
"I'm thankful for all of the nasty women, bad hombres and various other sub groups fighting for my rights and the...",positive,positive,0.3611709177494049,115,negative,0.9690073132514954
@user D.Rose taking a page out of Tim Duncan's book off the glass in the clutch #KNICKSonMSG,neutral,neutral,0.7478093504905701,92,positive,0.9999998807907104
@user nasty and offensive - assumes a foreigner DID take a local job...and says nothing about failure to enforce minimum wage,negative,negative,0.9112594723701477,125,positive,0.9994062185287476
Donnie is gonna deport the Menendez Brothers right away. BAD HOMBRES!,negative,negative,0.915343701839447,69,neutral,0.9996317625045776
Still reading #SettleForMore @user #fridayreads,neutral,neutral,0.7972065210342407,47,positive,0.9999717473983765
#Chocolate cupcake #candle melting with its sweet candied #aroma is a treat for this #Christmas‚Ä¶,positive,positive,0.9518568515777588,96,negative,0.9996724128723145
Is this leaf ?Can I eat ?Open the leaf!Oh! This is SUSHI.In NARA.#foodie #Thanksgiving #WorldFoodDay‚Ä¶,neutral,positive,0.6648613214492798,101,negative,0.9995484948158264
"""We have lost everything"": Syrians return to ravaged Aleppo, @user reports. by #AP via @user",neutral,negative,0.7519545555114746,92,positive,0.9942440390586853
